cleaning,important,interesting,language,learning,love,machine,natural,nlp,processing,step,text
0.0,0.0,0.0,0.5,0.0,0.5,0.0,0.5,0.0,0.5,0.0,0.0
0.0,0.0,0.5773502691896257,0.0,0.5773502691896257,0.0,0.5773502691896257,0.0,0.0,0.0,0.0,0.0
0.4472135954999579,0.4472135954999579,0.0,0.0,0.0,0.0,0.0,0.0,0.4472135954999579,0.0,0.4472135954999579,0.4472135954999579
